Date,AFRM,PYPL,SQ
2021-01-04,,231.38510131835938,
2021-01-05,,234.3682098388672,
2021-01-06,,226.3068389892578,
2021-01-07,,234.49789428710938,
2021-01-08,,241.9008026123047,
2021-01-11,,236.9522247314453,
2021-01-12,,237.09190368652344,
2021-01-13,96.36499786376953,244.3351593017578,
2021-01-14,114.94000244140625,241.501708984375,
2021-01-15,117.0,239.2369384765625,
2021-01-19,110.98999786376953,246.67974853515625,
2021-01-20,106.20999908447266,243.69664001464844,
2021-01-21,108.97000122070312,248.0665283203125,
2021-01-22,119.94999694824219,251.41879272460938,
2021-01-25,112.69999694824219,247.1785888671875,
2021-01-26,110.08000183105469,240.44415283203125,
2021-01-27,105.29000091552734,229.40966796875,
2021-01-28,99.41999816894531,237.24154663085938,
2021-01-29,99.58999633789062,233.7695770263672,
2021-02-01,107.61000061035156,241.29220581054688,
2021-02-02,113.0,248.52548217773438,
2021-02-03,110.94999694824219,251.3190155029297,
2021-02-04,108.7699966430664,269.8062744140625,
2021-02-05,103.44999694824219,268.8185729980469,
2021-02-08,122.76000213623047,281.51922607421875,
2021-02-09,131.0,283.5445251464844,
2021-02-10,136.22999572753906,282.52685546875,
2021-02-11,139.99000549316406,284.37261962890625,
2021-02-12,125.88999938964844,297.68182373046875,
2021-02-16,119.1500015258789,304.0870361328125,
2021-02-17,112.52999877929688,296.5145568847656,
2021-02-18,105.55000305175781,290.1392822265625,
2021-02-19,105.98999786376953,286.2582702636719,
2021-02-22,104.83000183105469,273.2183837890625,
2021-02-23,102.01000213623047,264.3887939453125,
2021-02-24,102.48999786376953,265.4563293457031,
2021-02-25,94.19499969482422,253.35430908203125,
2021-02-26,93.05999755859375,259.2507019042969,
2021-03-01,91.44000244140625,272.9989013671875,
2021-03-02,91.80000305175781,268.56915283203125,
2021-03-03,86.30999755859375,254.4717254638672,
2021-03-04,84.45999908447266,238.51861572265625,
2021-03-05,81.13999938964844,238.4986572265625,
2021-03-08,74.30999755859375,225.56854248046875,
2021-03-09,79.66000366210938,241.202392578125,
2021-03-10,80.76000213623047,241.51170349121094,
2021-03-11,81.25,253.24456787109375,
2021-03-12,79.56999969482422,249.77259826660156,
2021-03-15,81.3499984741211,249.4034423828125,
2021-03-16,80.80000305175781,248.7349853515625,
2021-03-17,81.08999633789062,250.8900146484375,
2021-03-18,74.38999938964844,237.86013793945312,
2021-03-19,77.37000274658203,240.7235107421875,
2021-03-22,81.98999786376953,243.82135009765625,
2021-03-23,78.87000274658203,243.20777893066406,
2021-03-24,72.62999725341797,233.7296905517578,
2021-03-25,69.55999755859375,233.6997528076172,
2021-03-26,69.72000122070312,240.47409057617188,
2021-03-29,69.98999786376953,235.12644958496094,
2021-03-30,66.38999938964844,235.9944305419922,
2021-03-31,70.72000122070312,242.2799072265625,
2021-04-01,71.44999694824219,246.9690704345703,
2021-04-05,69.38999938964844,250.44105529785156,
2021-04-06,73.0,252.60604858398438,
2021-04-07,71.5,255.01048278808594,
2021-04-08,69.80999755859375,263.88995361328125,
2021-04-09,70.70999908447266,266.15472412109375,
2021-04-12,67.93000030517578,268.4095153808594,
2021-04-13,70.11000061035156,274.79473876953125,
2021-04-14,68.7300033569336,266.59368896484375,
2021-04-15,68.66999816894531,273.3680419921875,
2021-04-16,69.72000122070312,269.24755859375,
2021-04-19,66.0199966430664,267.2920837402344,
2021-04-20,65.0,263.8200988769531,
2021-04-21,67.55000305175781,264.2790832519531,
2021-04-22,68.62000274658203,261.66510009765625,
2021-04-23,74.12000274658203,265.4164123535156,
2021-04-26,77.97000122070312,271.0932922363281,
2021-04-27,76.37000274658203,268.20001220703125,
2021-04-28,77.20999908447266,270.4647521972656,
2021-04-29,74.0199966430664,267.23223876953125,
2021-04-30,70.5,261.68505859375,
2021-05-03,66.77999877929688,258.492431640625,
2021-05-04,62.16999816894531,249.58303833007812,
2021-05-05,57.599998474121094,246.8293914794922,
2021-05-06,54.439998626708984,251.43875122070312,
2021-05-07,54.0,252.77565002441406,
2021-05-10,57.0,243.06809997558594,
2021-05-11,55.45000076293945,248.02664184570312,
2021-05-12,49.81999969482422,239.35667419433594,
2021-05-13,48.369998931884766,240.24462890625,
2021-05-14,54.0,245.72195434570312,
2021-05-17,50.599998474121094,243.79640197753906,
2021-05-18,51.63999938964844,242.64906311035156,
2021-05-19,50.45000076293945,244.0657958984375,
2021-05-20,54.88999938964844,250.9598388671875,
2021-05-21,53.36000061035156,250.11181640625,
2021-05-24,53.150001525878906,256.5768737792969,
2021-05-25,54.040000915527344,258.0534362792969,
2021-05-26,57.0,260.7671813964844,
2021-05-27,57.290000915527344,258.8715515136719,
2021-05-28,60.810001373291016,259.4202880859375,
2021-06-01,62.52000045776367,258.6719970703125,
2021-06-02,65.23999786376953,261.5653381347656,
2021-06-03,63.2400016784668,257.1954345703125,
2021-06-04,59.650001525878906,262.4333190917969,
2021-06-07,59.459999084472656,259.99896240234375,
2021-06-08,62.4900016784668,262.5430603027344,
2021-06-09,60.2599983215332,262.9920349121094,
2021-06-10,63.68000030517578,268.8484802246094,
2021-06-11,67.9800033569336,270.8239440917969,
2021-06-14,68.94000244140625,274.2958984375,
2021-06-15,67.26000213623047,271.262939453125,
2021-06-16,67.41000366210938,268.20001220703125,
2021-06-17,69.38999938964844,277.46856689453125,
2021-06-18,68.18000030517578,282.7264099121094,
2021-06-21,63.79999923706055,282.4470520019531,
2021-06-22,63.45000076293945,286.0886535644531,
2021-06-23,65.16000366210938,287.4554748535156,
2021-06-24,66.33000183105469,292.5337219238281,
2021-06-25,64.4000015258789,288.93206787109375,
2021-06-28,64.43000030517578,292.97271728515625,
2021-06-29,66.45999908447266,292.08477783203125,
2021-06-30,67.3499984741211,290.8077392578125,
2021-07-01,68.37000274658203,288.33343505859375,
2021-07-02,68.87000274658203,289.5705871582031,
2021-07-06,67.98999786376953,291.9650573730469,
2021-07-07,64.29000091552734,296.4447021484375,
2021-07-08,63.9900016784668,294.3694763183594,
2021-07-09,67.25,299.517578125,
2021-07-12,65.0,302.271240234375,
2021-07-13,58.209999084472656,300.4953308105469,
2021-07-14,56.7599983215332,300.05633544921875,
2021-07-15,57.45000076293945,295.8261413574219,
2021-07-16,57.5,293.9504699707031,
2021-07-19,55.86000061035156,294.1699523925781,
2021-07-20,57.40999984741211,297.3825378417969,
2021-07-21,60.630001068115234,301.073974609375,
2021-07-22,59.0,302.98956298828125,
2021-07-23,58.689998626708984,307.8183898925781,
2021-07-26,59.41999816894531,306.0923767089844,
2021-07-27,59.5,299.7869873046875,
2021-07-28,61.18000030517578,301.2835388183594,
2021-07-29,60.86000061035156,282.51690673828125,
2021-07-30,56.31999969482422,274.8945007324219,
2021-08-02,64.70999908447266,270.364990234375,
2021-08-03,66.66999816894531,272.86920166015625,
2021-08-04,68.22000122070312,274.8645935058594,
2021-08-05,67.16000366210938,280.0226745605469,
2021-08-06,67.16999816894531,278.895263671875,
2021-08-09,65.87999725341797,277.5084533691406,
2021-08-10,65.55999755859375,273.7371826171875,
2021-08-11,68.62000274658203,275.7724914550781,
2021-08-12,67.54000091552734,273.9566955566406,
2021-08-13,65.94999694824219,274.27593994140625,
2021-08-16,63.59000015258789,277.63818359375,
2021-08-17,63.5,270.4747314453125,
2021-08-18,64.68000030517578,268.2199401855469,
2021-08-19,63.459999084472656,269.9559326171875,
2021-08-20,64.76000213623047,272.3304443359375,
2021-08-23,67.70999908447266,276.3411865234375,
2021-08-24,68.52999877929688,278.8653564453125,
2021-08-25,72.70999908447266,277.0495300292969,
2021-08-26,69.9800033569336,272.9889221191406,
2021-08-27,67.9000015258789,277.68804931640625,
2021-08-30,99.58999633789062,287.8046875,
2021-08-31,96.33999633789062,287.9942321777344,
2021-09-01,96.4800033569336,286.0886535644531,
2021-09-02,98.98999786376953,284.8714599609375,
2021-09-03,93.05000305175781,288.4631652832031,
2021-09-07,91.51000213623047,292.5836486816406,
2021-09-08,87.54000091552734,284.5721435546875,
2021-09-09,92.05999755859375,286.2183532714844,
2021-09-10,123.69999694824219,283.66424560546875,
2021-09-13,109.30000305175781,279.84307861328125,
2021-09-14,108.05999755859375,281.5890197753906,
2021-09-15,109.75,281.7785949707031,
2021-09-16,117.58000183105469,282.3173522949219,
2021-09-17,116.27999877929688,275.70263671875,
2021-09-20,107.69999694824219,269.2874755859375,
2021-09-21,108.11000061035156,268.8684387207031,
2021-09-22,114.06999969482422,271.7118835449219,
2021-09-23,126.88999938964844,278.456298828125,
2021-09-24,123.7300033569336,277.46856689453125,
2021-09-27,128.3699951171875,272.75946044921875,
2021-09-28,114.5199966430664,261.5852966308594,
2021-09-29,112.7699966430664,258.40264892578125,
2021-09-30,119.12999725341797,259.6098327636719,
2021-10-01,117.8499984741211,264.03961181640625,
2021-10-04,107.93000030517578,254.42184448242188,
2021-10-05,111.45999908447266,259.54998779296875,
2021-10-06,133.6999969482422,263.4509582519531,
2021-10-07,133.89999389648438,262.93218994140625,
2021-10-08,141.19000244140625,259.460205078125,
2021-10-11,135.02999877929688,254.46176147460938,
2021-10-12,140.6699981689453,255.25991821289062,
2021-10-13,146.1300048828125,255.7687225341797,
2021-10-14,148.47000122070312,265.8354797363281,
2021-10-15,146.72999572753906,267.7310791015625,
2021-10-18,157.25,269.70648193359375,
2021-10-19,155.35000610351562,271.0733642578125,
2021-10-20,147.63999938964844,257.76409912109375,
2021-10-21,155.33999633789062,242.64906311035156,
2021-10-22,155.2100067138672,239.8455352783203,
2021-10-25,160.0399932861328,246.31060791015625,
2021-10-26,151.86000061035156,242.43954467773438,
2021-10-27,151.13999938964844,234.39813232421875,
2021-10-28,161.88999938964844,236.28378295898438,
2021-10-29,162.5,232.0535430908203,
2021-11-01,152.66000366210938,230.74656677246094,
2021-11-02,155.88999938964844,228.9307861328125,
2021-11-03,161.0800018310547,229.84866333007812,
2021-11-04,168.52000427246094,227.69363403320312,
2021-11-05,164.22999572753906,225.25926208496094,
2021-11-08,163.3699951171875,228.890869140625,
2021-11-09,157.7899932861328,204.9462127685547,
2021-11-10,133.52999877929688,204.1680145263672,
2021-11-11,151.8300018310547,201.5640411376953,
2021-11-12,148.99000549316406,207.819580078125,
2021-11-15,147.99000549316406,212.04978942871094,
2021-11-16,151.2899932861328,215.17257690429688,
2021-11-17,151.72000122070312,205.7942657470703,
2021-11-18,139.1300048828125,200.03756713867188,
2021-11-19,136.16000366210938,193.1634521484375,
2021-11-22,123.51000213623047,189.04298400878906,
2021-11-23,127.61000061035156,187.6162872314453,
2021-11-24,132.75,188.27476501464844,
2021-11-26,136.97999572753906,187.35687255859375,
2021-11-29,132.14999389648438,186.8081512451172,
2021-11-30,126.68000030517578,184.46356201171875,
2021-12-01,116.56999969482422,178.9064178466797,
2021-12-02,113.75,186.71835327148438,
2021-12-03,107.23999786376953,183.5057830810547,
2021-12-06,110.94999694824219,184.4336395263672,
2021-12-07,122.7300033569336,190.57943725585938,
2021-12-08,127.97000122070312,196.89483642578125,
2021-12-09,119.12999725341797,191.30775451660156,
2021-12-10,114.68000030517578,188.07521057128906,
2021-12-13,109.95999908447266,185.95013427734375,
2021-12-14,105.7699966430664,186.36917114257812,
2021-12-15,110.9800033569336,190.2202606201172,
2021-12-16,99.23999786376953,188.31466674804688,
2021-12-17,98.7699966430664,185.77053833007812,
2021-12-20,97.37000274658203,182.25865173339844,
2021-12-21,103.62999725341797,188.70376586914062,
2021-12-22,101.06999969482422,191.23789978027344,
2021-12-23,101.16000366210938,191.567138671875,
2021-12-27,105.7300033569336,191.567138671875,
2021-12-28,101.7699966430664,189.66156005859375,
2021-12-29,98.27999877929688,189.5318603515625,
2021-12-30,103.87000274658203,191.4374542236328,
2021-12-31,100.55999755859375,188.1450653076172,
2022-01-03,95.20999908447266,194.49038696289062,
2022-01-04,85.41000366210938,190.69915771484375,
2022-01-05,79.52999877929688,186.72833251953125,
2022-01-06,81.0999984741211,191.82655334472656,
2022-01-07,79.62000274658203,187.16732788085938,
2022-01-10,78.23999786376953,182.52804565429688,
2022-01-11,81.02999877929688,191.07827758789062,
2022-01-12,78.79000091552734,186.7682342529297,
2022-01-13,72.12999725341797,180.59251403808594,
2022-01-14,69.19000244140625,178.00848388671875,
2022-01-18,64.18000030517578,174.05763244628906,
2022-01-19,64.30000305175781,173.1497344970703,
2022-01-20,62.79999923706055,172.88034057617188,
2022-01-21,57.630001068115234,163.16281127929688,
2022-01-24,58.25,161.7959747314453,
2022-01-25,54.52000045776367,157.8351287841797,
2022-01-26,55.72999954223633,156.61793518066406,
2022-01-27,51.0099983215332,157.74533081054688,
2022-01-28,59.709999084472656,163.1428680419922,
2022-01-31,64.06999969482422,171.54344177246094,
2022-02-01,67.4800033569336,175.39453125,
2022-02-02,60.88999938964844,132.26425170898438,
2022-02-03,57.4900016784668,124.01332092285156,
2022-02-04,62.75,125.7892074584961,
2022-02-07,63.02000045776367,121.1299819946289,
2022-02-08,65.25,119.98263549804688,
2022-02-09,74.68000030517578,122.65645599365234,
2022-02-10,58.68000030517578,118.74549102783203,
2022-02-11,46.54999923706055,115.02409362792969,
2022-02-14,43.70000076293945,113.85679626464844,
2022-02-15,44.79999923706055,115.1937026977539,
2022-02-16,42.91999816894531,110.28504943847656,
2022-02-17,37.66999816894531,104.95736694335938,
2022-02-18,37.33000183105469,103.41094207763672,
2022-02-22,36.40999984741211,102.93204498291016,
2022-02-23,35.0,100.48770141601562,
2022-02-24,38.709999084472656,104.77777862548828,
2022-02-25,39.189998626708984,110.68412780761719,
2022-02-28,41.84000015258789,111.67184448242188,
2022-03-01,42.36000061035156,106.26435089111328,
2022-03-02,41.79999923706055,106.3641128540039,
2022-03-03,39.099998474121094,101.10626220703125,
2022-03-04,35.81999969482422,99.67957305908203,
2022-03-07,33.560001373291016,93.39409637451172,
2022-03-08,34.279998779296875,94.68112182617188,
2022-03-09,36.79999923706055,99.98885345458984,
2022-03-10,36.54999923706055,98.32270812988281,
2022-03-11,30.860000610351562,96.3472671508789,
2022-03-14,26.219999313354492,96.6465835571289,
2022-03-15,28.329999923706055,100.2282943725586,
2022-03-16,33.34000015258789,107.67108917236328,
2022-03-17,36.75,111.90132141113281,
2022-03-18,40.709999084472656,118.49606323242188,
2022-03-21,41.959999084472656,114.38557434082031,
2022-03-22,43.5,117.59814453125,
2022-03-23,44.11000061035156,114.38557434082031,
2022-03-24,44.79999923706055,115.7823486328125,
2022-03-25,42.15999984741211,113.49762725830078,
2022-03-28,43.25,115.90206146240234,
2022-03-29,48.150001525878906,120.9005126953125,
2022-03-30,46.75,118.21671295166016,
2022-03-31,46.279998779296875,115.38326263427734,
2022-04-01,46.61000061035156,116.40090942382812,
2022-04-04,47.70000076293945,121.57894134521484,
2022-04-05,43.84000015258789,117.37865447998047,
2022-04-06,40.869998931884766,112.23055267333984,
2022-04-07,38.70000076293945,112.77928161621094,
2022-04-08,37.58000183105469,110.95350646972656,
2022-04-11,37.70000076293945,109.55673217773438,
2022-04-12,37.47999954223633,108.00033569335938,
2022-04-13,38.400001525878906,104.92743682861328,
2022-04-14,35.189998626708984,102.07402801513672,
2022-04-18,35.209999084472656,100.3480224609375,
2022-04-19,37.029998779296875,103.4209213256836,
2022-04-20,34.7599983215332,94.68112182617188,
2022-04-21,32.900001525878906,89.19380950927734,
2022-04-22,31.15999984741211,85.83158111572266,
2022-04-25,32.470001220703125,87.57754516601562,
2022-04-26,30.18000030517578,83.50695037841797,
2022-04-27,29.360000610351562,82.41947174072266,
2022-04-28,31.209999084472656,91.87760162353516,
2022-04-29,28.700000762939453,87.7271957397461,
2022-05-02,30.360000610351562,91.31889343261719,
2022-05-03,30.100000381469727,90.50078582763672,
2022-05-04,31.760000228881836,92.50614929199219,
2022-05-05,27.020000457763672,85.23296356201172,
2022-05-06,24.950000762939453,81.49161529541016,
2022-05-09,20.59000015258789,79.34657287597656,
2022-05-10,18.190000534057617,78.56837463378906,
2022-05-11,14.630000114440918,74.99662780761719,
2022-05-12,18.040000915527344,74.11865997314453,
2022-05-13,23.709999084472656,78.64818572998047,
2022-05-16,22.950000762939453,77.47090911865234,
2022-05-17,25.239999771118164,79.5660629272461,
2022-05-18,24.450000762939453,77.00199127197266,
2022-05-19,25.709999084472656,81.09253692626953,
2022-05-20,24.81999969482422,80.35424041748047,
2022-05-23,24.520000457763672,80.99276733398438,
2022-05-24,20.760000228881836,78.4686050415039,
2022-05-25,23.020000457763672,79.93521118164062,
2022-05-26,28.020000457763672,80.2345199584961,
2022-05-27,30.350000381469727,85.01347351074219,
2022-05-31,28.5,85.01347351074219,
2022-06-01,24.31999969482422,82.2897720336914,
2022-06-02,26.420000076293945,88.11629486083984,
2022-06-03,25.100000381469727,86.33042907714844,
2022-06-06,23.719999313354492,86.60977935791016,
2022-06-07,24.350000381469727,88.38567352294922,
2022-06-08,23.329999923706055,87.30816650390625,
2022-06-09,21.18000030517578,83.91600799560547,
2022-06-10,20.440000534057617,79.11710357666016,
2022-06-13,17.920000076293945,73.54997253417969,
2022-06-14,17.700000762939453,72.29287719726562,
2022-06-15,18.600000381469727,75.65510559082031,
2022-06-16,16.719999313354492,71.06571960449219,
2022-06-17,18.299999237060547,72.73186492919922,
2022-06-21,19.209999084472656,72.20308685302734,
2022-06-22,19.270000457763672,72.80170440673828,
2022-06-23,21.65999984741211,73.63976287841797,
2022-06-24,23.280000686645508,77.50083923339844,
2022-06-27,22.700000762939453,75.76485443115234,
2022-06-28,20.540000915527344,71.65435028076172,
2022-06-29,19.020000457763672,71.30516052246094,
2022-06-30,18.059999465942383,69.67891693115234,
2022-07-01,17.190000534057617,71.23532104492188,
2022-07-05,19.829999923706055,74.22840881347656,
2022-07-06,20.170000076293945,73.07107543945312,
2022-07-07,23.610000610351562,74.86692810058594,
2022-07-08,23.34000015258789,73.2606430053711,
2022-07-11,21.3700008392334,70.3074722290039,
2022-07-12,22.200000762939453,71.26525115966797,
2022-07-13,20.790000915527344,71.19541931152344,
2022-07-14,21.81999969482422,69.38959503173828,
2022-07-15,23.059999465942383,73.73954010009766,
2022-07-18,23.84000015258789,73.95902252197266,
2022-07-19,26.030000686645508,77.56069946289062,
2022-07-20,29.670000076293945,80.054931640625,
2022-07-21,29.75,82.55914306640625,
2022-07-22,26.770000457763672,80.86306762695312,
2022-07-25,26.170000076293945,81.46168518066406,
2022-07-26,23.100000381469727,76.86231231689453,
2022-07-27,26.040000915527344,86.2206802368164,
2022-07-28,25.829999923706055,85.66197204589844,
2022-07-29,26.84000015258789,86.33042907714844,
2022-08-01,27.170000076293945,88.36073303222656,
2022-08-02,28.149999618530273,89.42327117919922,
2022-08-03,31.889999389648438,97.69415283203125,
2022-08-04,32.54999923706055,96.7563247680664,
2022-08-05,33.400001525878906,95.10015106201172,
2022-08-08,34.900001525878906,96.0379867553711,
2022-08-09,32.58000183105469,94.26209259033203,
2022-08-10,36.779998779296875,98.68187713623047,
2022-08-11,36.970001220703125,98.88141632080078,
2022-08-12,39.189998626708984,100.8668212890625,
2022-08-15,38.41999816894531,101.27587890625,
2022-08-16,39.90999984741211,101.84456634521484,
2022-08-17,37.38999938964844,99.1906967163086,
2022-08-18,35.75,99.62968444824219,
2022-08-19,30.920000076293945,96.33728790283203,
2022-08-22,29.489999771118164,93.36416625976562,
2022-08-23,29.31999969482422,92.98503875732422,
2022-08-24,30.229999542236328,93.54375457763672,
2022-08-25,31.229999542236328,96.4969253540039,
2022-08-26,24.56999969482422,92.48619079589844,
2022-08-29,23.989999771118164,92.4462890625,
2022-08-30,23.540000915527344,91.58827209472656,
2022-08-31,23.43000030517578,93.22449493408203,
2022-09-01,23.15999984741211,92.4462890625,
2022-09-02,22.450000762939453,90.91981506347656,
2022-09-06,22.299999237060547,91.40369415283203,
2022-09-07,23.059999465942383,94.75096130371094,
2022-09-08,23.700000762939453,95.94818878173828,
2022-09-09,26.25,96.008056640625,
2022-09-12,26.790000915527344,97.4247817993164,
2022-09-13,24.190000534057617,94.7908706665039,
2022-09-14,24.329999923706055,97.43476104736328,
2022-09-15,23.989999771118164,96.17766571044922,
2022-09-16,22.299999237060547,93.78319549560547,
2022-09-19,22.700000762939453,94.81082153320312,
2022-09-20,22.139999389648438,91.41866302490234,
2022-09-21,21.329999923706055,90.9697036743164,
2022-09-22,20.0,87.45782470703125,
2022-09-23,19.280000686645508,86.76941680908203,
2022-09-26,19.040000915527344,84.06566619873047,
2022-09-27,19.389999389648438,85.5522232055664,
2022-09-28,20.65999984741211,90.90984344482422,
2022-09-29,19.059999465942383,88.49542236328125,
2022-09-30,18.760000228881836,85.87149047851562,
2022-10-03,19.010000228881836,86.97892761230469,
2022-10-04,21.610000610351562,92.57598876953125,
2022-10-05,20.920000076293945,93.61359405517578,
2022-10-06,20.950000762939453,94.20222473144531,
2022-10-07,18.899999618530273,89.96202850341797,
2022-10-10,18.59000015258789,84.32505798339844,
2022-10-11,19.350000381469727,82.89836120605469,
2022-10-12,19.809999465942383,83.61669921875,
2022-10-13,18.760000228881836,83.8461685180664,
2022-10-14,17.270000457763672,80.28440856933594,
2022-10-17,18.43000030517578,84.4647445678711,
2022-10-18,19.530000686645508,85.0932846069336,
2022-10-19,17.90999984741211,84.27517700195312,
2022-10-20,18.030000686645508,84.58446502685547,
2022-10-21,18.299999237060547,83.74640655517578,
2022-10-24,18.049999237060547,83.1278305053711,
2022-10-25,20.6200008392334,89.03417205810547,
2022-10-26,20.559999465942383,88.34577178955078,
2022-10-27,20.6200008392334,87.1485366821289,
2022-10-28,20.31999969482422,86.05107116699219,
2022-10-31,20.06999969482422,83.3872299194336,
2022-11-01,19.459999084472656,82.9183120727539,
2022-11-02,17.600000381469727,79.26675415039062,
2022-11-03,16.670000076293945,76.37345123291016,
2022-11-04,16.1200008392334,75.00660705566406,
2022-11-07,15.630000114440918,77.48088836669922,
2022-11-08,15.640000343322754,80.94287872314453,
2022-11-09,12.100000381469727,78.49853515625,
2022-11-10,14.989999771118164,86.59980773925781,
2022-11-11,17.010000228881836,90.8200454711914,
2022-11-14,16.280000686645508,89.30355834960938,
2022-11-15,17.309999465942383,89.65274810791016,
2022-11-16,15.119999885559082,86.83924865722656,
2022-11-17,14.59000015258789,85.4424819946289,
2022-11-18,13.510000228881836,84.72413635253906,
2022-11-21,12.960000038146973,80.44403076171875,
2022-11-22,12.670000076293945,79.72570037841797,
2022-11-23,13.3100004196167,80.56375885009766,
2022-11-25,13.079999923706055,79.89530181884766,
2022-11-28,12.579999923706055,79.74565124511719,
2022-11-29,12.8100004196167,77.46092987060547,
2022-11-30,13.920000076293945,78.22915649414062,
2022-12-01,14.40999984741211,78.348876953125,
2022-12-02,14.619999885559082,74.48780822753906,
2022-12-05,13.0,73.45020294189453,
2022-12-06,11.96500015258789,72.06341552734375,
2022-12-07,11.34000015258789,74.24835205078125,
2022-12-08,11.619999885559082,74.04882049560547,
2022-12-09,11.34000015258789,73.40031433105469,
2022-12-12,12.270000457763672,73.62979125976562,
2022-12-13,11.779999732971191,73.53001403808594,
2022-12-14,11.300000190734863,72.46248626708984,
2022-12-15,10.369999885559082,69.60907745361328,
2022-12-16,10.119999885559082,69.10025787353516,
2022-12-19,9.479999542236328,68.79096984863281,
2022-12-20,9.4399995803833,68.6014175415039,
2022-12-21,9.510000228881836,69.05036926269531,
2022-12-22,9.149999618530273,68.41184997558594,
2022-12-23,9.1899995803833,68.87078857421875,
2022-12-27,8.90999984741211,68.17240905761719,
2022-12-28,9.029999732971191,67.39420318603516,
2022-12-29,9.65999984741211,70.39725494384766,
2022-12-30,9.670000076293945,71.05574035644531,
2023-01-03,9.100000381469727,74.40798950195312,
2023-01-04,9.890000343322754,77.51081848144531,
2023-01-05,9.1899995803833,76.09408569335938,
2023-01-06,9.0600004196167,76.3036117553711,
2023-01-09,9.430000305175781,76.9022216796875,
2023-01-10,10.0600004196167,77.74028015136719,
2023-01-11,11.319999694824219,78.35885620117188,
2023-01-12,12.199999809265137,79.59599304199219,
2023-01-13,12.880000114440918,79.29669189453125,
2023-01-17,13.449999809265137,79.99507141113281,
2023-01-18,12.979999542236328,77.1316909790039,
2023-01-19,12.25,76.57298278808594,
2023-01-20,14.300000190734863,78.90758514404297,
2023-01-23,15.449999809265137,79.31664276123047,
2023-01-24,14.319999694824219,79.3964614868164,
2023-01-25,14.140000343322754,78.91756439208984,
2023-01-26,14.359999656677246,80.62361907958984,
2023-01-27,16.239999771118164,81.64126586914062,
2023-01-30,15.100000381469727,79.45631408691406,
2023-01-31,16.190000534057617,81.30204772949219,
2023-02-01,17.719999313354492,82.71878051757812,
2023-02-02,21.139999389648438,86.75943756103516,
2023-02-03,18.149999618530273,85.32275390625,
2023-02-06,17.010000228881836,82.1401138305664,
2023-02-07,17.209999084472656,83.03804016113281,
2023-02-08,16.020000457763672,79.5361328125,
2023-02-09,13.289999961853027,78.23912811279297,
2023-02-10,12.520000457763672,80.6136474609375,
2023-02-13,12.699999809265137,79.26675415039062,
2023-02-14,13.100000381469727,77.0818099975586,
2023-02-15,14.699999809265137,77.73030853271484,
2023-02-16,13.579999923706055,76.55303192138672,
2023-02-17,12.979999542236328,74.48780822753906,
2023-02-21,12.8100004196167,75.06646728515625,
2023-02-22,13.460000038146973,75.30591583251953,
2023-02-23,13.6899995803833,75.01658630371094,
2023-02-24,13.069999694824219,73.38036346435547,
2023-02-27,12.84000015258789,73.599853515625,
2023-02-28,13.619999885559082,73.43024444580078,
2023-03-01,12.609999656677246,73.64974212646484,
2023-03-02,12.930000305175781,73.92909240722656,
2023-03-03,13.630000114440918,76.11404418945312,
2023-03-06,13.170000076293945,76.60291290283203,
2023-03-07,12.0,74.73722839355469,
2023-03-08,12.130000114440918,75.66507720947266,
2023-03-09,11.3100004196167,75.75487518310547,
2023-03-10,10.369999885559082,73.2606430053711,
2023-03-13,10.329999923706055,72.44253540039062,
2023-03-14,10.010000228881836,73.07107543945312,
2023-03-15,9.84000015258789,73.73954010009766,
2023-03-16,9.960000038146973,74.17852020263672,
2023-03-17,9.489999771118164,72.8216552734375,
2023-03-20,9.289999961853027,73.04114532470703,
2023-03-21,10.5,76.54305267333984,
2023-03-22,9.760000228881836,74.16854095458984,
2023-03-23,9.989999771118164,72.39264678955078,
2023-03-24,10.329999923706055,73.70960235595703,
2023-03-27,10.220000267028809,73.13094329833984,
2023-03-28,9.470000267028809,72.53231811523438,
2023-03-29,10.5,74.0089111328125,
2023-03-30,10.420000076293945,74.21842956542969,
2023-03-31,11.270000457763672,75.76485443115234,
2023-04-03,11.289999961853027,75.11634826660156,
2023-04-04,10.8100004196167,75.08642578125,
2023-04-05,10.399999618530273,73.44022369384766,
2023-04-06,10.569999694824219,74.787109375,
2023-04-10,11.130000114440918,74.3481216430664,
2023-04-11,11.699999809265137,73.41029357910156,
2023-04-12,10.9399995803833,73.33048248291016,
2023-04-13,11.369999885559082,75.34581756591797,
2023-04-14,11.039999961853027,76.3534927368164,
2023-04-17,11.510000228881836,77.15164947509766,
2023-04-18,11.680000305175781,76.24374389648438,
2023-04-19,11.489999771118164,75.14627838134766,
2023-04-20,10.920000076293945,73.41029357910156,
2023-04-21,10.989999771118164,74.0089111328125,
2023-04-24,10.529999732971191,74.11865997314453,
2023-04-25,9.949999809265137,71.61444854736328,
2023-04-26,9.84000015258789,71.893798828125,
2023-04-27,10.15999984741211,74.09870147705078,
2023-04-28,9.859999656677246,75.82471466064453,
2023-05-01,9.989999771118164,74.936767578125,
2023-05-02,9.010000228881836,72.11328887939453,
2023-05-03,9.260000228881836,71.26525115966797,
2023-05-04,9.130000114440918,71.64437866210938,
2023-05-05,10.710000038146973,74.79708862304688,
2023-05-08,11.9399995803833,75.34581756591797,
2023-05-09,12.300000190734863,65.75299835205078,
2023-05-10,12.25,63.233821868896484,
2023-05-11,12.470000267028809,64.03197479248047,
2023-05-12,12.069999694824219,61.5477180480957,
2023-05-15,12.800000190734863,62.10642623901367,
2023-05-16,12.390000343322754,60.65977096557617,
2023-05-17,13.15999984741211,61.3182487487793,
2023-05-18,14.6899995803833,61.12868881225586,
2023-05-19,13.760000228881836,60.77949142456055,
2023-05-22,14.529999732971191,62.88462448120117,
2023-05-23,14.40999984741211,61.85700225830078,
2023-05-24,14.300000190734863,61.65746307373047,
2023-05-25,13.710000038146973,59.23306655883789,
2023-05-26,14.079999923706055,60.08110809326172,
2023-05-30,14.739999771118164,61.90688705444336,
2023-05-31,14.859999656677246,61.84702682495117,
2023-06-01,14.579999923706055,62.904579162597656,
2023-06-02,15.699999809265137,63.81248092651367,
2023-06-05,15.550000190734863,64.36121368408203,
2023-06-06,15.819999694824219,64.87003326416016,
2023-06-07,16.200000762939453,63.89229965209961,
2023-06-08,18.850000381469727,64.09183502197266,
2023-06-09,17.389999389648438,63.34356689453125,
2023-06-12,18.260000228881836,63.583011627197266,
2023-06-13,18.739999771118164,63.41340637207031,
2023-06-14,17.040000915527344,63.453311920166016,
2023-06-15,17.280000686645508,65.6981201171875,
2023-06-16,16.670000076293945,66.27678680419922,
2023-06-20,16.049999237060547,68.73110961914062,
2023-06-21,15.5,68.03273010253906,
2023-06-22,14.890000343322754,68.41184997558594,
2023-06-23,14.8100004196167,66.78561401367188,
2023-06-26,14.84000015258789,66.2867660522461,
2023-06-27,15.199999809265137,66.0772476196289,
2023-06-28,15.479999542236328,65.8777084350586,
2023-06-29,15.380000114440918,65.70809936523438,
2023-06-30,15.329999923706055,66.57609558105469,
2023-07-03,16.1200008392334,67.94293212890625,
2023-07-05,15.420000076293945,68.69120025634766,
2023-07-06,13.789999961853027,65.98745727539062,
2023-07-07,13.649999618530273,66.63595581054688,
2023-07-10,14.779999732971191,69.12020874023438,
2023-07-11,16.209999084472656,70.45712280273438,
2023-07-12,16.360000610351562,70.42718505859375,
2023-07-13,17.450000762939453,72.22303771972656,
2023-07-14,16.389999389648438,71.93370819091797,
2023-07-17,17.1200008392334,73.32050323486328,
2023-07-18,17.040000915527344,74.19847869873047,
2023-07-19,17.649999618530273,74.04882049560547,
2023-07-20,17.1200008392334,72.8515853881836,
2023-07-21,17.1200008392334,72.8216552734375,
2023-07-24,17.06999969482422,73.5200424194336,
2023-07-25,17.600000381469727,72.7917251586914,
2023-07-26,17.729999542236328,73.2606430053711,
2023-07-27,16.43000030517578,71.8638687133789,
2023-07-28,17.270000457763672,73.80937194824219,
2023-07-31,19.389999389648438,75.64512634277344,
2023-08-01,19.610000610351562,75.35579681396484,
2023-08-02,17.770000457763672,73.03116607666016,
2023-08-03,17.450000762939453,64.03197479248047,
2023-08-04,16.690000534057617,62.60527420043945,
2023-08-07,15.65999984741211,64.27142333984375,
2023-08-08,15.800000190734863,63.04425811767578,
2023-08-09,15.520000457763672,61.876956939697266,
2023-08-10,14.989999771118164,62.64518356323242,
2023-08-11,15.15999984741211,61.39806365966797,
2023-08-14,15.130000114440918,63.12407302856445,
2023-08-15,14.5,59.33283996582031,
2023-08-16,14.369999885559082,59.542354583740234,
2023-08-17,14.220000267028809,58.46484375,
2023-08-18,14.5,59.28295135498047,
2023-08-21,14.649999618530273,59.372745513916016,
2023-08-22,14.220000267028809,60.83935546875,
2023-08-23,14.510000228881836,61.6175537109375,
2023-08-24,13.8100004196167,60.569976806640625,
2023-08-25,17.790000915527344,61.04887008666992,
2023-08-28,17.950000762939453,61.52776336669922,
2023-08-29,19.149999618530273,62.35585021972656,
2023-08-30,20.030000686645508,63.27372741699219,
2023-08-31,20.809999465942383,62.36582565307617,
2023-09-01,21.860000610351562,63.42338180541992,
2023-09-05,21.93000030517578,63.59299087524414,
2023-09-06,22.100000381469727,62.65515899658203,
2023-09-07,22.479999542236328,61.5078125,
2023-09-08,22.469999313354492,60.83935546875,
2023-09-11,23.56999969482422,61.787166595458984,
2023-09-12,23.8700008392334,62.66513442993164,
2023-09-13,23.350000381469727,62.695064544677734,
2023-09-14,23.6200008392334,64.29137420654297,
2023-09-15,24.3700008392334,64.06190490722656,
2023-09-18,25.010000228881836,62.79483413696289,
2023-09-19,23.75,62.04656219482422,
2023-09-20,23.100000381469727,60.71963119506836,
2023-09-21,21.25,58.484798431396484,
2023-09-22,20.18000030517578,57.74650573730469,
2023-09-25,20.219999313354492,58.724246978759766,
2023-09-26,19.90999984741211,58.79408264160156,
2023-09-27,20.260000228881836,57.2077522277832,
2023-09-28,20.850000381469727,58.045814514160156,
2023-09-29,21.270000457763672,58.32516860961914,
2023-10-02,20.450000762939453,58.4249382019043,
2023-10-03,18.280000686645508,57.167842864990234,
2023-10-04,17.899999618530273,58.434913635253906,
2023-10-05,17.510000228881836,57.34742736816406,
2023-10-06,17.940000534057617,57.63676071166992,
2023-10-09,18.790000915527344,57.82632064819336,
2023-10-10,19.700000762939453,57.586875915527344,
2023-10-11,20.1299991607666,57.936065673828125,
2023-10-12,18.600000381469727,56.22502136230469,
2023-10-13,18.0,55.62141799926758,
2023-10-16,18.8799991607666,56.868534088134766,
2023-10-17,19.969999313354492,57.028167724609375,
2023-10-18,18.799999237060547,55.671302795410156,
2023-10-19,18.290000915527344,54.68358612060547,
2023-10-20,18.25,53.26686096191406,
2023-10-23,18.5,53.326725006103516,
2023-10-24,19.559999465942383,54.11490249633789,
2023-10-25,16.639999389648438,51.371246337890625,
2023-10-26,17.420000076293945,51.63064193725586,
2023-10-27,16.93000030517578,50.273780822753906,
2023-10-30,17.100000381469727,50.93225860595703,
2023-10-31,17.610000610351562,51.68052673339844,
2023-11-01,17.610000610351562,51.54085159301758,
2023-11-02,21.040000915527344,54.93301010131836,
2023-11-03,22.43000030517578,55.97060775756836,
2023-11-06,21.709999084472656,54.494022369384766,
2023-11-07,22.09000015258789,54.50400161743164,
2023-11-08,21.760000228881836,54.952964782714844,
2023-11-09,24.860000610351562,54.154808044433594,
2023-11-10,22.43000030517578,54.643680572509766,
2023-11-13,22.8799991607666,54.26455307006836,
2023-11-14,25.559999465942383,56.54927444458008,
2023-11-15,25.979999542236328,58.11565399169922,
2023-11-16,24.540000915527344,56.68894958496094,
2023-11-17,24.790000915527344,56.40959548950195,
2023-11-20,25.459999084472656,56.858558654785156,
2023-11-21,25.030000686645508,55.2722282409668,
2023-11-22,25.56999969482422,56.21005630493164,
2023-11-24,26.229999542236328,55.63139343261719,
2023-11-27,29.3700008392334,56.25994110107422,
2023-11-28,32.75,58.33514404296875,
2023-11-29,34.119998931884766,57.836299896240234,
2023-11-30,34.40999984741211,57.47712707519531,
2023-12-01,37.66999816894531,59.51242446899414,
2023-12-04,38.560001373291016,59.71195983886719,
2023-12-05,38.189998626708984,57.78641128540039,
2023-12-06,38.380001068115234,59.3927001953125,
2023-12-07,39.40999984741211,58.34511947631836,
2023-12-08,42.06999969482422,58.80405807495117,
2023-12-11,39.91999816894531,58.903831481933594,
2023-12-12,39.52000045776367,58.75417709350586,
2023-12-13,44.400001525878906,61.587623596191406,
2023-12-14,44.84000015258789,61.72730255126953,
2023-12-15,43.970001220703125,61.118709564208984,
2023-12-18,43.70000076293945,61.32822799682617,
2023-12-19,50.459999084472656,62.86467361450195,
2023-12-20,45.5099983215332,61.59760284423828,
2023-12-21,47.939998626708984,61.916866302490234,
2023-12-22,49.060001373291016,61.69737243652344,
2023-12-26,50.040000915527344,62.415714263916016,
2023-12-27,51.2400016784668,62.53543472290039,
2023-12-28,51.38999938964844,62.934513092041016,
2023-12-29,49.13999938964844,61.26836395263672,
2024-01-02,46.599998474121094,61.3182487487793,
2024-01-03,43.4900016784668,58.49477767944336,
2024-01-04,42.5,58.31519317626953,
2024-01-05,43.0099983215332,59.98133850097656,
2024-01-08,45.34000015258789,61.59760284423828,
2024-01-09,44.06999969482422,60.90919494628906,
2024-01-10,43.560001373291016,60.819400787353516,
2024-01-11,42.810001373291016,61.208499908447266,
2024-01-12,41.790000915527344,60.859310150146484,
2024-01-16,40.97999954223633,58.31519317626953,
2024-01-17,41.0099983215332,59.751869201660156,
2024-01-18,40.13999938964844,61.94679641723633,
2024-01-19,42.17499923706055,65.6681900024414,
2024-01-22,44.349998474121094,63.59299087524414,
2024-01-23,41.880001068115234,64.6305923461914,
2024-01-24,40.4900016784668,62.87465286254883,
2024-01-25,40.709999084472656,60.569976806640625,
2024-01-26,41.34000015258789,61.637508392333984,
2024-01-29,43.77000045776367,63.61294174194336,
2024-01-30,42.72999954223633,63.53312683105469,
2024-01-31,40.5099983215332,61.208499908447266,
2024-02-01,39.66999816894531,61.876956939697266,
2024-02-02,41.0099983215332,62.276031494140625,
2024-02-05,41.54999923706055,61.39806365966797,
2024-02-06,43.43000030517578,63.56305694580078,
2024-02-07,44.61000061035156,63.094146728515625,
2024-02-08,49.220001220703125,56.00054168701172,
2024-02-09,43.86000061035156,58.77412796020508,
2024-02-12,45.0,59.95140838623047,
2024-02-13,39.75,58.12562561035156,
2024-02-14,40.9900016784668,58.734222412109375,
2024-02-15,41.560001373291016,59.56230926513672,
2024-02-16,38.13999938964844,59.003597259521484,
2024-02-20,37.9900016784668,58.49477767944336,
2024-02-21,36.66999816894531,57.34742736816406,
2024-02-22,37.33000183105469,58.21541976928711,
2024-02-23,36.97999954223633,59.02355194091797,
2024-02-26,37.349998474121094,59.19316482543945,
2024-02-27,39.29999923706055,60.02124786376953,
2024-02-28,37.5,60.11103820800781,
2024-02-29,37.52000045776367,60.20083236694336,
2024-03-01,38.0099983215332,60.40037155151367,
2024-03-04,37.66999816894531,59.8416633605957,
2024-03-05,36.02000045776367,58.13560485839844,
2024-03-06,36.869998931884766,57.9859504699707,
2024-03-07,36.59000015258789,58.365074157714844,
2024-03-08,38.7599983215332,58.873897552490234,
2024-03-11,37.209999084472656,59.94143295288086,
2024-03-12,37.52000045776367,59.891544342041016,
2024-03-13,38.790000915527344,62.305965423583984,
2024-03-14,33.41999816894531,62.854698181152344,
2024-03-15,33.709999084472656,62.705039978027344,
2024-03-18,34.209999084472656,64.08186340332031,
2024-03-19,33.91999816894531,62.86467361450195,
2024-03-20,37.790000915527344,64.89997100830078,
2024-03-21,37.5099983215332,65.98745727539062,
2024-03-22,36.040000915527344,64.62061309814453,
2024-03-25,36.630001068115234,65.8477783203125,
2024-03-26,37.33000183105469,66.51622772216797,
2024-03-27,36.720001220703125,66.41646575927734,
2024-03-28,37.2599983215332,66.83549499511719,
2024-04-01,34.83000183105469,64.88001251220703,
2024-04-02,34.09000015258789,64.51087188720703,
2024-04-03,33.65999984741211,65.18929290771484,
2024-04-04,32.11000061035156,64.39114379882812,
2024-04-05,32.869998931884766,64.99974060058594,
2024-04-08,34.11000061035156,66.1869888305664,
2024-04-09,35.369998931884766,66.84547424316406,
2024-04-10,33.56999969482422,65.7280502319336,
2024-04-11,33.79999923706055,65.64823913574219,
2024-04-12,32.619998931884766,64.44102478027344,
2024-04-15,31.059999465942383,63.36351776123047,
2024-04-16,30.920000076293945,63.28370666503906,
2024-04-17,30.8700008392334,63.11409378051758,
2024-04-18,31.149999618530273,61.95677185058594,
2024-04-19,31.010000228881836,62.166290283203125,
2024-04-22,31.96500015258789,63.04425811767578,
2024-04-23,32.7599983215332,64.28140258789062,
2024-04-24,32.08000183105469,64.6904525756836,
2024-04-25,31.649999618530273,63.9521598815918,
2024-04-26,33.33000183105469,65.80786895751953,
2024-04-29,33.41999816894531,66.83549499511719,
2024-04-30,31.8799991607666,67.76334381103516,
2024-05-01,32.119998931884766,65.98745727539062,
2024-05-02,34.439998626708984,66.82552337646484,
2024-05-03,34.93000030517578,65.54846954345703,
2024-05-06,36.02000045776367,65.45867919921875,
2024-05-07,34.900001525878906,65.76795959472656,
2024-05-08,31.579999923706055,63.6628303527832,
2024-05-09,34.810001373291016,64.30134582519531,
2024-05-10,31.59000015258789,62.78485870361328,
2024-05-13,32.0099983215332,63.80250549316406,
2024-05-14,33.439998626708984,64.4310531616211,
2024-05-15,32.29999923706055,63.752620697021484,
2024-05-16,31.31999969482422,63.9521598815918,
2024-05-17,33.83000183105469,64.33128356933594,
2024-05-20,33.029998779296875,64.62061309814453,
2024-05-21,32.279998779296875,63.9521598815918,
2024-05-22,30.610000610351562,62.04656219482422,
2024-05-23,29.68000030517578,61.43797302246094,
2024-05-24,30.030000686645508,61.497833251953125,
2024-05-28,29.639999389648438,62.026607513427734,
2024-05-29,28.719999313354492,60.90919494628906,
2024-05-30,29.360000610351562,62.36582565307617,
2024-05-31,29.270000457763672,62.844722747802734,
2024-06-03,28.809999465942383,63.31363296508789,
2024-06-04,30.139999389648438,63.183937072753906,
2024-06-05,31.0,63.38347244262695,
2024-06-06,31.190000534057617,66.86542510986328,
2024-06-07,30.049999237060547,67.14478302001953,
2024-06-10,30.440000534057617,66.93525695800781,
2024-06-11,33.79999923706055,64.62061309814453,
2024-06-12,35.75,63.28370666503906,
2024-06-13,33.43000030517578,61.39806365966797,
2024-06-14,30.899999618530273,60.49515151977539,
2024-06-17,30.809999465942383,59.99131774902344,
2024-06-18,30.530000686645508,58.983642578125,
2024-06-20,30.139999389648438,59.66207504272461,
2024-06-21,29.8700008392334,60.470211029052734,
2024-06-24,33.70000076293945,59.3527946472168,
2024-06-25,32.970001220703125,59.19316482543945,
2024-06-26,31.40999984741211,58.12562561035156,
2024-06-27,30.459999084472656,58.235374450683594,
2024-06-28,30.209999084472656,57.89616012573242,
2024-07-01,29.829999923706055,57.67667007446289,
2024-07-02,29.3799991607666,58.83399200439453,
2024-07-03,28.979999542236328,59.502445220947266,
2024-07-05,28.549999237060547,59.622169494628906,
2024-07-08,28.149999618530273,58.95371627807617,
2024-07-09,28.360000610351562,58.863922119140625,
2024-07-10,28.170000076293945,58.764156341552734,
2024-07-11,29.610000610351562,59.85163879394531,
2024-07-12,29.540000915527344,60.1309928894043,
2024-07-15,32.099998474121094,60.33053207397461,
2024-07-16,33.459999084472656,61.667442321777344,
2024-07-17,32.27000045776367,61.098758697509766,
2024-07-18,30.860000610351562,59.86161422729492,
2024-07-19,29.959999084472656,59.19316482543945,
2024-07-22,29.6299991607666,60.62984085083008,
2024-07-23,29.34000015258789,59.57228469848633,
2024-07-24,26.459999084472656,57.936065673828125,
2024-07-25,26.459999084472656,57.08802795410156,
2024-07-26,27.100000381469727,58.15555953979492,
2024-07-29,26.84000015258789,58.80405807495117,
2024-07-30,27.459999084472656,63.85239028930664,
2024-07-31,28.290000915527344,65.62828063964844,
2024-08-01,26.420000076293945,65.15936279296875,
2024-08-02,25.770000457763672,61.8370475769043,
2024-08-05,24.559999465942383,60.320552825927734,
2024-08-06,24.15999984741211,62.60527420043945,
2024-08-07,24.1200008392334,62.595298767089844,
2024-08-08,25.21500015258789,64.13174438476562,
2024-08-09,25.440000534057617,64.57073211669922,
2024-08-12,25.170000076293945,63.31363296508789,
2024-08-13,26.25,64.95983123779297,
2024-08-14,26.579999923706055,65.98745727539062,
2024-08-15,28.3700008392334,67.7833023071289,
2024-08-16,28.450000762939453,67.80325317382812,
2024-08-19,30.34000015258789,69.26986694335938,
2024-08-20,29.290000915527344,71.72418975830078,
2024-08-21,29.75,71.29518127441406,
2024-08-22,29.959999084472656,71.35504150390625,
2024-08-23,31.459999084472656,71.53462982177734,
2024-08-26,31.8799991607666,71.87384796142578,
2024-08-27,32.5099983215332,71.42488098144531,
2024-08-28,31.579999923706055,70.26756286621094,
2024-08-29,41.65999984741211,72.99126434326172,
2024-08-30,44.0099983215332,72.26294708251953,
2024-09-03,41.59000015258789,71.83393859863281,
2024-09-04,40.22999954223633,72.44253540039062,
2024-09-05,39.63999938964844,71.8638687133789,
2024-09-06,38.439998626708984,68.73110961914062,
2024-09-09,38.16999816894531,69.19004821777344,
2024-09-10,37.27000045776367,68.69120025634766,
2024-09-11,40.2400016784668,69.19004821777344,
2024-09-12,41.7400016784668,70.19772338867188,
2024-09-13,44.0099983215332,69.93831634521484,
2024-09-16,44.060001373291016,70.90608215332031,
2024-09-17,44.0,71.6044692993164,
2024-09-18,44.279998779296875,72.95135498046875,
2024-09-19,44.97999954223633,77.3910903930664,
2024-09-20,44.93000030517578,76.58296203613281,
2024-09-23,44.66999816894531,77.49085998535156,
2024-09-24,44.619998931884766,78.15930938720703,
2024-09-25,43.2400016784668,77.18157958984375,
2024-09-26,41.63999938964844,79.89530181884766,
2024-09-27,41.15999984741211,77.70037841796875,
2024-09-30,40.81999969482422,77.85002899169922,
2024-10-01,38.47999954223633,77.29132080078125,
2024-10-02,39.04999923706055,77.26139831542969,
2024-10-03,38.5,77.1316909790039,
2024-10-04,39.36000061035156,79.17696380615234,
2024-10-07,38.599998474121094,80.07489013671875,
2024-10-08,41.150001525878906,80.97281646728516,
2024-10-09,43.25,81.46168518066406,
2024-10-10,42.0099983215332,78.79784393310547,
2024-10-11,47.08000183105469,80.32431030273438,
2024-10-14,49.2599983215332,80.48394012451172,
2024-10-15,47.86000061035156,79.36653137207031,
2024-10-16,47.970001220703125,80.63359832763672,
2024-10-17,43.93000030517578,79.63590240478516,
2024-10-18,44.540000915527344,80.7533187866211,
2024-10-21,43.650001525878906,80.37419128417969,
2024-10-22,43.9900016784668,80.72339630126953,
2024-10-23,41.810001373291016,80.6435775756836,
2024-10-24,42.029998779296875,81.20227813720703,
2024-10-25,40.70000076293945,81.51156616210938,
2024-10-28,42.119998931884766,83.39720153808594,
2024-10-29,42.869998931884766,80.09484100341797,
2024-10-30,45.2400016784668,78.03959655761719,
2024-10-31,43.849998474121094,79.11710357666016,
2024-11-01,43.220001220703125,77.07183074951172,
2024-11-04,43.689998626708984,77.94979858398438,
2024-11-05,45.599998474121094,79.06721496582031,
2024-11-06,50.0,81.22223663330078,
2024-11-07,48.790000915527344,81.1623764038086,
2024-11-08,46.47999954223633,82.81855010986328,
2024-11-11,57.584999084472656,86.73948669433594,
2024-11-12,57.59000015258789,86.20072937011719,
2024-11-13,54.81999969482422,87.10862731933594,
2024-11-14,53.209999084472656,85.59213256835938,
2024-11-15,56.150001525878906,85.63204193115234,
2024-11-18,62.060001373291016,84.47471618652344,
2024-11-19,63.959999084472656,83.89604949951172,
2024-11-20,63.189998626708984,84.5445556640625,
2024-11-21,65.73999786376953,84.62437438964844,
2024-11-22,66.55000305175781,86.56986999511719,
2024-11-25,69.3499984741211,87.56756591796875,
2024-11-26,66.2699966430664,86.73948669433594,
2024-11-27,68.37000274658203,86.37033081054688,
2024-11-29,70.01000213623047,86.56986999511719,
2024-12-02,68.38999938964844,86.33042907714844,
2024-12-03,70.76000213623047,84.94363403320312,
2024-12-04,72.0,89.12397003173828,
2024-12-05,68.3499984741211,88.8396224975586,
2024-12-06,71.87999725341797,89.67269897460938,
2024-12-09,68.81999969482422,89.79242706298828,
2024-12-10,66.31999969482422,88.55528259277344,
2024-12-11,69.93000030517578,90.54069519042969,
2024-12-12,68.7699966430664,89.19380950927734,
2024-12-13,70.69999694824219,90.81006622314453,
2024-12-16,72.86000061035156,91.08943176269531,
2024-12-17,70.88999938964844,90.65044403076172,
2024-12-18,63.34000015258789,85.25291442871094,
2024-12-19,63.0,86.57984924316406,
2024-12-20,65.63999938964844,86.92903900146484,
2024-12-23,64.94999694824219,86.69957733154297,
2024-12-24,65.9000015258789,88.04646301269531,
2024-12-26,66.8499984741211,87.93671417236328,
2024-12-27,64.63999938964844,86.65966796875,
2024-12-30,62.630001068115234,85.23296356201172,
2024-12-31,60.900001525878906,85.15314483642578,
2025-01-02,62.5099983215332,85.98123168945312,
2025-01-03,66.5,87.39795684814453,
2025-01-06,65.08999633789062,89.3235092163086,
2025-01-07,61.290000915527344,87.76710510253906,
2025-01-08,58.66999816894531,87.73717498779297,
2025-01-10,55.310001373291016,83.16773986816406,
2025-01-13,54.689998626708984,83.79627990722656,
2025-01-14,55.349998474121094,86.97892761230469,
2025-01-15,58.209999084472656,89.4332504272461,
2025-01-16,58.0,88.71491241455078,
2025-01-17,57.9900016784668,91.5982437133789,
2025-01-21,56.7599983215332,89.56295013427734,
2025-01-22,56.439998626708984,89.64276885986328,
2025-01-23,56.7599983215332,89.5230484008789,
2025-01-24,55.72999954223633,88.90447998046875,
2025-01-27,55.16999816894531,90.03186798095703,
2025-01-28,57.63999938964844,87.98660278320312,
2025-01-29,58.95000076293945,88.55528259277344,
2025-01-30,62.099998474121094,89.36341857910156,
2025-01-31,61.06999969482422,88.37570190429688,
2025-02-03,59.880001068115234,89.30355834960938,
2025-02-04,59.529998779296875,77.54573059082031,
2025-02-05,62.79999923706055,79.01732635498047,
2025-02-06,61.75,78.38878631591797,
2025-02-07,75.22000122070312,77.1316909790039,
2025-02-10,77.75,78.0595474243164,
2025-02-11,78.0199966430664,76.03422546386719,
2025-02-12,75.66000366210938,76.09408569335938,
2025-02-13,79.27999877929688,76.41334533691406,
2025-02-14,80.69000244140625,77.79016876220703,
2025-02-18,80.9800033569336,78.43867492675781,
2025-02-19,76.37999725341797,78.17926788330078,
2025-02-20,74.61000061035156,77.4509506225586,
2025-02-21,68.55000305175781,74.77713012695312,
2025-02-24,66.51000213623047,75.07644653320312,
2025-02-25,63.959999084472656,73.89916229248047,
2025-02-26,64.54000091552734,71.88382720947266,
2025-02-27,61.709999084472656,70.5668716430664,
2025-02-28,64.1500015258789,70.8861312866211,
2025-03-03,61.86000061035156,69.58912658691406,
2025-03-04,57.0099983215332,67.3243637084961,
2025-03-05,58.650001525878906,69.33970642089844,
2025-03-06,52.63999938964844,67.92298126220703,
2025-03-07,51.970001220703125,70.31745147705078,
2025-03-10,46.400001525878906,68.00279998779297,
2025-03-11,46.77000045776367,67.82321166992188,
2025-03-12,48.810001373291016,68.46173858642578,
2025-03-13,46.900001525878906,66.75568389892578,
2025-03-14,50.08000183105469,68.79096984863281,
2025-03-17,47.959999084472656,69.4893569946289,
2025-03-18,43.70000076293945,68.72113037109375,
2025-03-19,47.709999084472656,69.83855438232422,
2025-03-20,47.95000076293945,69.50930786132812,
2025-03-21,49.900001525878906,70.02811431884766,
2025-03-24,52.540000915527344,70.80631256103516,
2025-03-25,50.93000030517578,70.69657135009766,
2025-03-26,48.31999969482422,69.80862426757812,
2025-03-27,47.380001068115234,68.70117950439453,
2025-03-28,46.20000076293945,64.99974060058594,
2025-03-31,45.189998626708984,65.0995101928711,
2025-04-01,45.5099983215332,65.94754791259766,
2025-04-02,47.75,66.99512481689453,
2025-04-03,38.90999984741211,61.56767272949219,
2025-04-04,35.75,58.235374450683594,
2025-04-07,37.56999969482422,58.39500427246094,
2025-04-08,36.45000076293945,57.277587890625,
2025-04-09,44.29999923706055,63.80250549316406,
2025-04-10,40.7400016784668,60.420326232910156,
2025-04-11,40.4900016784668,62.445640563964844,
2025-04-14,40.779998779296875,62.126380920410156,
2025-04-15,41.59000015258789,61.85700225830078,
2025-04-16,40.7599983215332,60.1010627746582,
2025-04-17,42.099998474121094,60.859310150146484,
2025-04-21,40.650001525878906,60.145957946777344,
2025-04-22,43.81999969482422,61.27833938598633,
2025-04-23,46.84000015258789,62.315940856933594,
2025-04-24,48.20000076293945,64.62061309814453,
2025-04-25,49.09000015258789,65.18929290771484,
2025-04-28,49.16999816894531,64.78024291992188,
2025-04-29,50.400001525878906,66.16703796386719,
2025-04-30,49.7599983215332,65.68814086914062,
2025-05-01,49.75,65.25914001464844,
2025-05-02,52.34000015258789,67.08491516113281,
2025-05-05,52.09000015258789,68.38191986083984,
2025-05-06,51.0,67.89305114746094,
2025-05-07,51.540000915527344,68.53157806396484,
2025-05-08,54.2599983215332,70.31745147705078,
2025-05-09,46.40999984741211,70.09795379638672,
2025-05-12,53.7400016784668,72.14321899414062,
2025-05-13,53.939998626708984,72.1232681274414,
2025-05-14,56.54999923706055,72.51236724853516,
2025-05-15,51.75,71.4049301147461,
2025-05-16,52.56999969482422,72.0135269165039,
2025-05-19,51.709999084472656,72.1531982421875,
2025-05-20,49.7400016784668,72.44253540039062,
2025-05-21,47.2400016784668,71.48474884033203,
2025-05-22,48.970001220703125,71.28520202636719,
2025-05-23,49.29999923706055,69.68889617919922,
2025-05-27,51.18000030517578,71.31513977050781,
2025-05-28,50.68000030517578,71.27523040771484,
2025-05-29,52.04999923706055,70.76641082763672,
2025-05-30,51.900001525878906,70.11790466308594,
2025-06-02,52.900001525878906,70.76641082763672,
2025-06-03,54.959999084472656,71.16548919677734,
2025-06-04,54.33000183105469,72.63209533691406,
2025-06-05,55.709999084472656,72.3028564453125,
2025-06-06,58.91999816894531,73.2606430053711,
2025-06-09,61.34000015258789,73.38036346435547,
2025-06-10,61.0,74.58757781982422,
2025-06-11,63.5,74.43791961669922,
2025-06-12,61.04999923706055,74.63745880126953,
2025-06-13,59.11000061035156,70.66664123535156,
2025-06-16,60.849998474121094,72.09333801269531,
2025-06-17,59.900001525878906,70.50700378417969,
2025-06-18,61.68000030517578,68.41184997558594,
2025-06-20,62.060001373291016,69.88844299316406,
2025-06-23,62.189998626708984,71.84391784667969,
2025-06-24,65.66000366210938,73.41029357910156,
2025-06-25,66.25,72.90147399902344,
2025-06-26,66.9000015258789,73.00123596191406,
2025-06-27,68.05999755859375,73.47015380859375,
2025-06-30,69.13999938964844,74.14859008789062,
2025-07-01,67.0999984741211,75.11634826660156,
2025-07-02,68.37000274658203,76.13399505615234,
2025-07-03,69.19000244140625,76.41334533691406,
2025-07-07,71.2300033569336,76.0042953491211,
2025-07-08,67.7300033569336,74.85694885253906,
2025-07-09,69.06999969482422,74.65741729736328,
2025-07-10,68.54499816894531,75.52540588378906,
2025-07-11,64.72000122070312,71.19541931152344,
2025-07-14,64.05000305175781,73.7195816040039,
2025-07-15,66.1500015258789,72.7917251586914,
2025-07-16,67.20999908447266,72.80170440673828,
2025-07-17,69.47000122070312,73.68965148925781,
2025-07-18,68.9000015258789,73.99893188476562,
2025-07-21,66.75,74.6474380493164,
2025-07-22,65.43000030517578,75.82471466064453,
2025-07-23,65.63999938964844,76.48319244384766,
2025-07-24,65.81999969482422,77.64051818847656,
2025-07-25,67.08999633789062,77.8001480102539,
2025-07-28,67.51000213623047,78.03959655761719,
2025-07-29,67.95999908447266,71.28520202636719,
2025-07-30,67.43000030517578,69.5492172241211,
2025-07-31,68.55999755859375,68.6014175415039,
2025-08-01,66.41000366210938,66.95521545410156,
2025-08-04,74.79000091552734,67.85314178466797,
2025-08-05,74.86000061035156,67.6735610961914,
2025-08-06,77.27999877929688,69.2598876953125,
2025-08-07,78.95999908447266,68.06266021728516,
2025-08-08,72.33000183105469,67.49397277832031,
2025-08-11,72.97000122070312,66.92528533935547,
2025-08-12,76.88500213623047,67.813232421875,
2025-08-13,77.70999908447266,70.46709442138672,
2025-08-14,77.0199966430664,69.21997833251953,
2025-08-15,78.72000122070312,69.07032775878906,
2025-08-18,78.23999786376953,69.36963653564453,
2025-08-19,73.86000061035156,68.8907470703125,
2025-08-20,72.9800033569336,67.92298126220703,
2025-08-21,74.48999786376953,67.39420318603516,
2025-08-22,79.48999786376953,69.73878479003906,
2025-08-25,77.38999938964844,69.31975555419922,
2025-08-26,77.94999694824219,70.01813507080078,
2025-08-27,77.58999633789062,69.4893569946289,
2025-08-28,79.98999786376953,69.8984146118164,
2025-08-29,88.45999908447266,70.02811431884766,
2025-09-02,82.22000122070312,69.09027862548828,
2025-09-03,85.30999755859375,69.47938537597656,
2025-09-04,89.66000366210938,68.3021011352539,
2025-09-05,87.3499984741211,68.10256958007812,
2025-09-08,85.87999725341797,68.24224090576172,
2025-09-09,88.41999816894531,67.5239028930664,
2025-09-10,84.87000274658203,65.48860931396484,
2025-09-11,81.41000366210938,67.1148452758789,
2025-09-12,83.08000183105469,66.73572540283203,
2025-09-15,89.43000030517578,66.95521545410156,
2025-09-16,89.95999908447266,66.69581604003906,
2025-09-17,90.4000015258789,68.46173858642578,
2025-09-18,89.91000366210938,68.3619613647461,
2025-09-19,92.18000030517578,68.06266021728516,
2025-09-22,90.12000274658203,67.5239028930664,
2025-09-23,82.7300033569336,67.15475463867188,
2025-09-24,81.52999877929688,67.7034912109375,
2025-09-25,77.94000244140625,66.58606719970703,
2025-09-26,76.02999877929688,67.14478302001953,
2025-09-29,76.55999755859375,69.519287109375,
2025-09-30,73.08000183105469,66.90532684326172,
2025-10-01,74.41999816894531,66.50625610351562,
2025-10-02,77.43000030517578,68.7710189819336,
2025-10-03,74.83000183105469,69.09027862548828,
2025-10-06,75.86000061035156,71.12557983398438,
2025-10-07,76.6500015258789,74.43791961669922,
2025-10-08,75.25,75.95441436767578,
2025-10-09,77.45999908447266,75.57528686523438,
2025-10-10,71.13999938964844,69.67891693115234,
2025-10-13,73.18000030517578,68.70117950439453,
2025-10-14,72.91999816894531,68.99051666259766,
2025-10-15,73.05999755859375,67.82321166992188,
2025-10-16,69.06999969482422,65.89766693115234,
2025-10-17,67.9000015258789,67.25453186035156,
2025-10-20,72.08000183105469,69.04039764404297,
2025-10-21,74.48999786376953,69.88844299316406,
2025-10-22,71.93000030517578,67.91300201416016,
2025-10-23,75.54000091552734,69.49933624267578,
2025-10-24,75.38999938964844,69.60907745361328,
2025-10-27,76.44999694824219,70.08797454833984,
2025-10-28,75.91999816894531,72.8515853881836,
2025-10-29,72.66000366210938,69.519287109375,
2025-10-30,68.9000015258789,67.77332305908203,
2025-10-31,71.87999725341797,69.1102294921875,
2025-11-03,72.08000183105469,68.182373046875,
2025-11-04,71.41000366210938,65.92759704589844,
2025-11-05,71.5199966430664,67.90302276611328,
2025-11-06,65.95999908447266,66.107177734375,
2025-11-07,73.62000274658203,66.06726837158203,
2025-11-10,76.08999633789062,66.09719848632812,
2025-11-11,75.13999938964844,67.24455261230469,
2025-11-12,78.94999694824219,67.04500579833984,
2025-11-13,73.18000030517578,65.1793212890625,
2025-11-14,70.51000213623047,62.66513442993164,
2025-11-17,68.16999816894531,61.747257232666016,
2025-11-18,65.69000244140625,60.560001373291016,
2025-11-19,65.3499984741211,60.11000061035156,
2025-11-20,62.540000915527344,58.10499954223633,
2025-11-21,64.37999725341797,60.56999969482422,
2025-11-24,66.88999938964844,60.560001373291016,
2025-11-25,68.83000183105469,61.220001220703125,
2025-11-26,68.80000305175781,61.83000183105469,
2025-11-28,70.94999694824219,62.689998626708984,
2025-12-01,69.06500244140625,62.58000183105469,
2025-12-02,67.0199966430664,62.900001525878906,
2025-12-03,69.63999938964844,61.2400016784668,
2025-12-04,68.69000244140625,61.72999954223633,
2025-12-05,67.98999786376953,62.279998779296875,
2025-12-08,68.11000061035156,61.119998931884766,
2025-12-09,68.41999816894531,60.779998779296875,
2025-12-10,70.86000061035156,61.15999984741211,
2025-12-11,69.02999877929688,61.689998626708984,
2025-12-12,67.25,61.65999984741211,
2025-12-15,65.66000366210938,60.7400016784668,
2025-12-16,73.38999938964844,61.33000183105469,
2025-12-17,72.04000091552734,60.18000030517578,
2025-12-18,76.37000274658203,59.439998626708984,
2025-12-19,76.22000122070312,59.810001373291016,
2025-12-22,78.56999969482422,59.86000061035156,
2025-12-23,75.63999938964844,59.40999984741211,
2025-12-24,75.98999786376953,60.040000915527344,
2025-12-26,75.80999755859375,59.970001220703125,
2025-12-29,75.51000213623047,59.4900016784668,
2025-12-30,75.8499984741211,59.099998474121094,
2025-12-31,74.43000030517578,58.380001068115234,
2026-01-02,74.02999877929688,58.13999938964844,
2026-01-05,80.80000305175781,59.290000915527344,
2026-01-06,82.3499984741211,59.810001373291016,
2026-01-07,83.05000305175781,58.5099983215332,
2026-01-08,81.61000061035156,58.27000045776367,
2026-01-09,81.80000305175781,57.65999984741211,
2026-01-12,76.38999938964844,57.290000915527344,
2026-01-13,75.97000122070312,56.560001373291016,
2026-01-14,72.61000061035156,57.65999984741211,
2026-01-15,71.80999755859375,56.7400016784668,
2026-01-16,74.76000213623047,56.88999938964844,
2026-01-20,71.0999984741211,55.08000183105469,
2026-01-21,71.76000213623047,55.88999938964844,
2026-01-22,72.83499908447266,57.150001525878906,
2026-01-23,71.43000030517578,56.619998931884766,
2026-01-26,68.70999908447266,56.599998474121094,
2026-01-27,68.79000091552734,55.5099983215332,
2026-01-28,65.36000061035156,54.08000183105469,
2026-01-29,62.79999923706055,53.11000061035156,
2026-01-30,60.29999923706055,52.689998626708984,
2026-02-02,61.9900016784668,52.33000183105469,
2026-02-03,61.65999984741211,41.70000076293945,
2026-02-04,62.15999984741211,41.029998779296875,
2026-02-05,59.41999816894531,39.900001525878906,
2026-02-06,57.029998779296875,40.41999816894531,
2026-02-09,57.95000076293945,41.150001525878906,
2026-02-10,59.650001525878906,41.4900016784668,
2026-02-11,56.540000915527344,40.459999084472656,
